-- phpMyAdmin SQL Dump
-- version 3.3.2deb1ubuntu1
-- http://www.phpmyadmin.net
--
-- Servidor: localhost
-- Tiempo de generación: 23-04-2012 a las 12:18:22
-- Versión del servidor: 5.1.61
-- Versión de PHP: 5.3.9-ZS5.6.0

SET SQL_MODE="NO_AUTO_VALUE_ON_ZERO";

SET FOREIGN_KEY_CHECKS = 0;


/*!40101 SET @OLD_CHARACTER_SET_CLIENT=@@CHARACTER_SET_CLIENT */;
/*!40101 SET @OLD_CHARACTER_SET_RESULTS=@@CHARACTER_SET_RESULTS */;
/*!40101 SET @OLD_COLLATION_CONNECTION=@@COLLATION_CONNECTION */;
/*!40101 SET NAMES utf8 */;

--
-- Base de datos: `wicaweb`
--

--
-- Volcar la base de datos para la tabla `wc_section_template`
--

INSERT INTO `wc_section_template` (`id`, `name`, `file_name`, `column_number`, `type`) VALUES
(1, 'template sec 1', 'sectemplate1.phtml', 1, 'both'),
(2, 'template sec 2', 'sectemplate2.phtml', 2, 'both'),
(3, 'template sec 3', 'sectemplate3.phtml', 3, 'both'),
(4, 'template sec 4', 'sectemplate4.phtml', 4, 'both'),
(5, 'login template', 'logintemplate.phtml', 1, 'both');

--
-- Volcar la base de datos para la tabla `wc_user`
--

INSERT INTO `wc_user` (`id`, `profile_id`, `name`, `lastname`, `identification`, `email`, `phone`, `username`, `password`, `creation_date`, `last_update_date`, `status`) VALUES
(1, 1, 'Administrador', 'Sistema', NULL, NULL, NULL, 'admin', 'e10adc3949ba59abbe56e057f20f883e', '2012-05-20 03:09:49', '2012-05-24 11:47:10', 'active');

--
-- Volcar la base de datos para la tabla `wc_website_language`
--

INSERT INTO `wc_website_language` (`id`, `name`, `abbreviation`, `description`) VALUES
(1, 'Español', 'es', NULL),
(2, 'Inglés', 'en', NULL);

--
-- Volcar la base de datos para la tabla `wc_website_template`
--

INSERT INTO `wc_website_template` (`id`, `name`, `file_name`, `image`, `css_files`, `js_files`, `images_files`, `media_css`) VALUES
(1, 'template web 1', 'webtemplate1.phtml', 'template1.jpg', 'NULL', 'NULL', 'NULL', 'NULL'),
(2, 'template web 2', 'webtemplate2.phtml', 'template2.jpg', 'NULL', 'NULL', 'NULL', 'NULL'),
(3, 'template web 3', 'webtemplate3.phtml', 'template3.jpg', 'NULL', 'NULL', 'NULL', 'NULL'),
(4, 'template web 4', 'webtemplate4.phtml', 'template4.jpg', 'NULL', 'NULL', 'NULL', 'NULL');

--
-- Volcar la base de datos para la tabla `wc_area`
--

INSERT INTO `wc_area` (`id`, `template_id`, `name`, `type`, `area_number`, `width`) VALUES
(1, 1, 'wica_area_content', 'variable', 1, 'span9'),
(2, 1, 'wica_area_2', 'fixed', 2, 'span3'),
(3, 1, 'wica_area_3', 'fixed', 3, 'span3'),
(4, 2, 'wica_area_content', 'variable', 1, 'span9'),
(5, 2, 'wica_area_2', 'fixed', 2, 'span3'),
(6, 2, 'wica_area_3', 'fixed', 3, 'span3'),
(7, 3, 'wica_area_content', 'variable', 1, 'span8'),
(8, 3, 'wica_area_2', 'fixed', 2, 'span2'),
(9, 3, 'wica_area_3', 'fixed', 3, 'span2'),
(10, 4, 'wica_area_content', 'variable', 1, 'span12');

--
-- Volcar la base de datos para la tabla `wc_module`
--

INSERT INTO `wc_module` (`id`, `name`, `description`, `status`, `action`, `image`, `partial`) VALUES
(1, 'Websites', 'Website creator', 'active', 'core/website_website','website.png','NULL'),
(2, 'CMS', 'CMS module, sections and contents', 'active', 'core/section_section','cms.png','NULL'),
(3, 'Users', 'User creator', 'active', 'core/user_user','users.png','NULL'),
(4, 'Profiles', 'Profile creator', 'active', 'core/profile_profile','profile.png','NULL'),
(5, 'External Files', 'External files uploader', 'active', 'core/externalfiles_externalfiles','files.png','NULL'),
(6, 'Templates', 'Templates administration', 'active', 'core/template_template', 'templates.png','NULL'),
(7, 'Dictionary', 'Dictionary administration', 'active', 'core/dictionary_dictionary', 'dictionary.png','NULL'),
(8, 'External Modules', 'External modules installer', 'active', 'core/externalmodules_externalmodules', 'external_modules.png','NULL'),
(9, 'Banners', 'Banners external module', 'active', 'banners', 'banners.png','banner.phtml'),
(10, 'Products', 'Products external module', 'active', 'products', 'products.png','product.phtml');
--
-- Volcar la base de datos para la tabla `wc_module_action`
--

INSERT INTO `wc_module_action` (`id`, `module_id`, `title`, `action`) VALUES
(1, 1, 'Create', 'new'),
(2, 1, 'Update', 'edit'),
(3, 2, 'Create', 'new'),
(4, 2, 'Update', 'edit'),
(5, 2, 'LinkUp', 'linksection'),
(6, 2, 'Publish', 'publish'),
(7, 2, 'Delete', 'delete'),
(8, 3, 'Create', 'new'),
(9, 3, 'Update', 'edit'),
(10, 4, 'Create', 'new'),
(11, 4, 'Update', 'edit'),
(12, 5, 'Create', 'new'),
(13, 5, 'Delete', 'delete'),
(14, 6, 'Create', 'new'),
(15, 6, 'Update', 'edit'),
(16, 6, 'Delete', 'delete'),
(17, 7, 'Create', 'new'),
(18, 7, 'Update', 'edit'),
(19, 8, 'Install', 'install'),
(20, 9, 'Create', 'new'),
(21, 9, 'Update', 'edit'),
(22, 9, 'Delete', 'delete'),
(23, 9, 'LinkUp', 'linkbanner'),
(24, 10, 'Create', 'new'),
(25, 10, 'Update', 'edit'),
(26, 10, 'Delete', 'delete'),
(27, 10, 'LinkUp', 'linkproduct');

--
-- Volcar la base de datos para la tabla `wc_profile`
--

INSERT INTO `wc_profile` (`id`, `name`, `status`) VALUES
(1, 'Total Control', 'active');

--
-- Volcar la base de datos para la tabla `wc_module_action_profile`
--

INSERT INTO `wc_module_action_profile` (`id`, `profile_id`, `module_action_id`) VALUES
(1, 1, 1),
(2, 1, 2),
(3, 1, 3),
(4, 1, 4),
(5, 1, 5),
(6, 1, 6),
(7, 1, 7),
(8, 1, 8),
(9, 1, 9),
(10, 1, 10),
(11, 1, 11),
(12, 1, 12),
(13, 1, 13),
(14, 1, 14),
(15, 1, 15),
(16, 1, 16),
(17, 1, 17),
(18, 1, 18),
(19, 1, 19),
(20, 1, 20),
(21, 1, 21),
(22, 1, 22),
(23, 1, 23),
(24, 1, 24),
(25, 1, 25),
(26, 1, 26),
(27, 1, 27);

SET FOREIGN_KEY_CHECKS = 1;

